season,name,team,lg,cy,vote,w,l,war,era,fip,ip,k,bb,hr,k9,bb9,kbb,babip
2019,Gerrit Cole,Astros,AL,X,0,2,2,1,1,1,3,1,6,13,1,4,2,4
2019,Lance Lynn,Rangers,AL,X,0,4,15,2,7,3,4,4,16,5,7,11,6,21
2019,Justin Verlander,Astros,AL,X,0,1,3,3,2,4,1,2,3,21,2,2,1,1
2019,Charlie Morton,Rays,AL,X,0,4,3,4,3,2,9,5,14,1,5,13,5,12
2019,Shane Bieber,Indians,AL,X,0,7,8,5,4,5,2,3,1,17,6,1,3,11
2019,Lucas Giolito,White Sox,AL,X,0,9,10,6,5,6,15,7,13,9,3,14,7,3
2019,Jose Berrios,Twins,AL,X,0,9,8,7,8,7,8,10,9,11,9,6,8,13
2019,Mike Minor,Rangers,AL,X,0,9,14,8,6,11,4,9,20,16,10,16,11,7
2019,Eduardo Rodriguez,Red Sox,AL,X,0,3,3,9,9,8,6,8,22,10,8,20,12,19
2019,Marco Gonzales,Mariners,AL,X,0,4,19,9,13,10,7,15,12,7,19,9,15,10
2019,Matthew Boyd,Tigers,AL,X,0,20,16,11,16,13,11,6,8,22,4,8,4,15
2019,Masahiro Tanaka,Yankees,AL,X,0,16,10,11,15,12,14,13,2,12,16,3,9,9
2019,Homer Bailey,- - -,AL,X,0,14,10,13,17,9,22,14,11,4,13,15,14,14
2019,Reynaldo Lopez,White Sox,AL,X,0,18,22,14,21,22,13,11,18,20,12,18,16,17
2019,Brad Keller,Royals,AL,X,0,22,20,15,14,14,20,20,21,2,18,22,22,6
2019,Ivan Nova,White Sox,AL,X,0,16,16,16,18,21,10,21,5,14,21,5,17,21
2019,Brett Anderson,Athletics,AL,X,0,14,10,16,10,16,16,22,7,3,22,10,21,5
2019,Wade Miley,Astros,AL,X,0,9,3,16,12,15,19,17,17,8,14,19,19,7
2019,Martin Perez,Twins,AL,X,0,18,7,19,19,17,20,18,19,6,17,21,20,17
2019,Rick Porcello,Red Sox,AL,X,0,9,16,20,22,18,18,16,4,19,15,7,10,16
2019,Mike Fiers,Athletics,AL,X,0,7,1,21,11,20,12,19,10,15,20,12,18,2
2019,Jakob Junis,Royals,AL,X,0,20,20,22,20,19,17,12,15,18,11,17,13,20
2019,Jacob deGrom,Mets,NL,X,0,17,12,1,2,2,3,1,11,5,4,8,3,16
2019,Max Scherzer,Nationals,NL,X,0,17,8,2,6,1,25,3,4,4,1,4,1,31
2019,Stephen Strasburg,Nationals,NL,X,0,1,6,3,10,5,1,2,21,19,5,14,9,12
2019,Walker Buehler,Dodgers,NL,X,0,6,1,4,9,3,14,10,6,8,7,6,4,19
2019,Hyun-Jin Ryu,Dodgers,NL,X,0,6,3,5,1,4,13,20,1,3,23,1,2,14
2019,Patrick Corbin,Nationals,NL,X,0,6,8,5,8,10,5,4,28,21,8,25,19,19
2019,Jack Flaherty,Cardinals,NL,X,0,17,12,7,4,8,8,6,20,22,9,17,11,2
2019,Zack Wheeler,Mets,NL,X,0,17,12,7,21,9,9,14,17,11,17,13,15,28
2019,Noah Syndergaard,Mets,NL,X,0,26,12,9,28,11,6,13,18,20,14,12,13,29
2019,Sonny Gray,Reds,NL,X,0,17,12,9,5,6,19,11,27,2,10,28,22,3
2019,Kyle Hendricks,Cubs,NL,X,0,17,24,11,13,12,18,28,2,6,27,3,7,17
2019,Luis Castillo,Reds,NL,X,0,5,12,11,12,13,10,9,29,16,6,31,24,4
2019,Mike Soroka,Braves,NL,X,0,10,1,13,3,7,20,30,8,1,28,11,17,15
2019,Jose Quintana,Cubs,NL,X,0,10,21,14,33,15,28,26,12,7,25,15,20,32
2019,Aaron Nola,Phillies,NL,X,0,14,8,15,17,19,4,8,30,24,11,29,23,23
2019,German Marquez,Rockies,NL,X,0,14,3,15,34,20,24,16,5,30,15,5,5,26
2019,Clayton Kershaw,Dodgers,NL,X,0,3,3,15,7,17,17,15,9,26,12,10,8,4
2019,Joe Musgrove,Pirates,NL,X,0,17,29,18,31,16,29,24,7,10,22,9,14,24
2019,Madison Bumgarner,Giants,NL,X,0,30,21,19,20,18,2,12,10,32,18,7,6,18
2019,Max Fried,Braves,NL,X,0,2,6,20,23,14,32,17,13,9,13,18,16,33
2019,Jon Lester,Cubs,NL,X,0,10,24,21,32,23,26,19,19,23,20,21,21,34
2019,Yu Darvish,Cubs,NL,X,0,33,12,22,22,22,16,7,22,34,3,23,12,7
2019,Miles Mikolas,Cardinals,NL,X,0,30,32,23,25,24,11,29,3,25,31,2,10,25
2019,Anibal Sanchez,Nationals,NL,X,0,17,12,23,16,28,31,33,25,15,29,26,31,6
2019,Anthony DeSclafani,Reds,NL,X,0,30,21,25,19,27,30,18,16,31,16,20,18,11
2019,Robbie Ray,Diamondbacks,NL,X,0,14,12,25,29,25,23,5,33,33,2,33,27,27
2019,Sandy Alcantara,Marlins,NL,X,0,33,32,27,18,30,7,27,31,18,34,30,33,9
2019,Adam Wainwright,Cardinals,NL,X,0,6,24,28,27,26,26,25,26,14,24,27,30,30
2019,Joey Lucchesi,Padres,NL,X,0,26,24,29,26,21,33,23,23,17,19,24,26,9
2019,Merrill Kelly,Diamondbacks,NL,X,0,10,32,30,30,29,12,22,24,29,26,22,28,22
2019,Julio Teheran,Braves,NL,X,0,26,28,31,15,32,20,21,32,12,21,32,32,7
2019,Zach Eflin,Phillies,NL,X,0,26,31,32,24,33,34,34,14,27,30,19,29,21
2019,Jeff Samardzija,Giants,NL,X,0,17,29,32,14,31,15,31,15,28,33,16,25,1
2019,Dakota Hudson,Cardinals,NL,X,0,3,8,34,11,34,20,32,34,12,32,34,34,12
2018,Marco Gonzales,Mariners,AL,X,0,12,13,9,17,8,19,23,1,3,20,4,5,26
2018,Dylan Bundy,Orioles,AL,X,0,23,25,25,25,25,2,13,14,26,9,15,16,25
2018,Carlos Carrasco,Indians,AL,X,0,4,14,6,8,4,23,3,6,10,5,6,3,24
2018,Luis Severino,Yankees,AL,X,1,3,9,5,9,5,21,7,9,7,7,7,4,23
2018,Mike Leake,Mariners,AL,X,0,18,15,20,20,18,9,26,3,12,26,3,14,22
2018,Dallas Keuchel,Astros,AL,X,0,14,19,10,14,11,16,21,16,5,24,11,21,21
2018,Jakob Junis,Royals,AL,X,0,22,21,22,21,22,5,17,7,23,18,8,10,20
2018,Trevor Bauer,Indians,AL,X,13,13,5,3,2,1,26,6,15,1,3,18,9,19
2018,Andrew Heaney,Angels,AL,X,0,20,16,14,18,14,13,14,8,21,14,9,7,18
2018,Jake Odorizzi,Twins,AL,X,0,24,17,16,23,19,8,18,22,8,16,25,22,17
2018,Gerrit Cole,Astros,AL,X,26,9,3,2,4,2,25,2,18,6,1,17,6,16
2018,Rick Porcello,Red Sox,AL,X,0,6,7,17,19,15,12,12,10,20,15,10,8,14
2018,Kyle Gibson,Twins,AL,X,0,17,22,15,12,17,10,15,25,11,19,24,23,15
2018,Charlie Morton,Astros,AL,X,0,10,1,13,7,10,17,10,20,4,6,22,18,13
2018,Mike Clevinger,Indians,AL,X,0,11,10,8,6,9,18,8,21,9,11,19,20,12
2018,Corey Kluber,Indians,AL,X,71,2,6,4,5,7,20,4,2,16,12,1,2,11
2018,David Price,Red Sox,AL,X,0,8,8,18,11,16,11,16,11,15,13,12,13,10
2018,Justin Verlander,Astros,AL,X,154,7,12,1,3,3,24,1,4,22,2,2,1,8
2018,J.A. Happ,- - -,AL,X,0,5,4,12,13,13,14,11,12,18,8,13,11,9
2018,Jose Berrios,Twins,AL,X,0,15,20,11,15,12,15,9,17,14,10,16,17,7
2018,Mike Fiers,- - -,AL,X,0,16,11,23,10,23,4,24,5,24,21,5,12,6
2018,Lucas Giolito,White Sox,AL,X,0,19,23,26,26,26,1,25,26,17,25,26,26,5
2018,James Shields,White Sox,AL,X,0,26,26,24,24,24,3,20,24,25,23,21,25,4
2018,Reynaldo Lopez,White Sox,AL,X,0,25,18,19,16,21,6,22,23,13,22,23,24,3
2018,Matthew Boyd,Tigers,AL,X,0,21,24,21,22,20,7,19,13,19,17,14,19,2
2018,Blake Snell,Rays,AL,O,169,1,2,7,1,6,22,5,19,2,4,20,15,1
2018,Nick Pivetta,Phillies,NL,X,0,27,28,12,28,13,17,8,11,21,5,16,9,29
2018,Zack Godley,Diamondbacks,NL,X,0,7,20,16,27,14,16,9,27,5,9,26,25,28
2018,Jon Gray,Rockies,NL,X,0,16,9,15,29,18,12,10,13,26,7,15,11,27
2018,German Marquez,Rockies,NL,X,0,9,21,7,16,8,22,4,16,20,4,12,6,26
2018,Patrick Corbin,Diamondbacks,NL,X,23,18,7,3,8,2,28,3,7,4,3,7,3,25
2018,Gio Gonzalez,- - -,NL,X,0,20,24,19,23,20,10,23,26,7,19,27,29,24
2018,Jameson Taillon,Pirates,NL,X,0,10,16,9,9,9,21,11,6,15,15,8,7,23
2018,Tanner Roark,Nationals,NL,X,0,23,29,18,25,23,7,24,9,22,22,10,16,22
2018,Jon Lester,Cubs,NL,X,2,3,2,22,12,25,5,22,20,19,21,21,22,21
2018,Ivan Nova,Pirates,NL,X,0,25,12,28,22,28,3,29,2,25,29,4,14,19
2018,Derek Holland,Giants,NL,X,0,28,14,20,15,16,14,14,21,13,10,25,19,20
2018,Jake Arrieta,Phillies,NL,X,0,22,25,23,19,22,8,26,17,16,25,18,21,18
2018,Kyle Freeland,Rockies,NL,X,49,5,5,8,5,10,20,13,24,8,20,20,20,17
2018,Luis Castillo,Reds,NL,X,0,21,26,21,24,24,6,15,8,27,13,11,12,15
2018,Jose Quintana,Cubs,NL,X,0,14,23,27,21,26,4,20,23,23,18,24,23,16
2018,Jacob deGrom,Mets,NL,O,207,19,11,1,1,1,29,2,5,1,2,3,2,12
2018,Kyle Hendricks,Cubs,NL,X,0,11,22,11,13,12,18,18,4,17,24,5,10,13
2018,Tyler Anderson,Rockies,NL,X,0,29,15,25,26,27,2,16,19,29,16,19,17,14
2018,Miles Mikolas,Cardinals,NL,X,13,2,1,6,4,6,24,25,1,6,28,1,4,10
2018,Zack Wheeler,Mets,NL,X,0,15,6,5,11,5,25,12,14,2,11,14,13,11
2018,Sean Newcomb,Braves,NL,X,0,17,10,24,17,19,11,19,28,11,12,29,27,9
2018,Zack Greinke,Diamondbacks,NL,X,0,6,19,13,10,11,19,7,3,28,14,2,5,7
2018,Jose Urena,Marlins,NL,X,0,24,27,26,20,21,9,27,12,14,26,13,18,8
2018,Max Scherzer,Nationals,NL,X,123,1,4,2,3,3,27,1,10,18,1,6,1,6
2018,Trevor Williams,Pirates,NL,X,0,12,17,14,7,15,15,28,15,3,27,17,24,5
2018,Aaron Nola,Phillies,NL,X,86,4,3,4,2,4,26,5,18,10,8,9,8,3
2018,Mike Foltynewicz,Braves,NL,X,3,13,18,10,6,7,23,6,22,9,6,23,15,4
2018,Jhoulys Chacin,Brewers,NL,X,0,8,8,17,14,17,13,21,25,12,23,22,26,2
2018,Julio Teheran,Braves,NL,X,0,26,13,29,18,29,1,17,29,24,17,28,28,1
2017,Trevor Bauer,Indians,AL,X,0,6,8,10,15,9,15,7,15,12,6,16,8,23
2017,Kevin Gausman,Orioles,AL,X,0,15,17,15,18,17,7,10,21,18,10,20,17,22
2017,Martin Perez,Rangers,AL,X,0,13,16,18,20,21,3,21,18,10,22,17,22,21
2017,Chris Archer,Rays,AL,X,0,18,18,5,13,5,19,3,14,16,3,11,6,20
2017,Rick Porcello,Red Sox,AL,X,0,17,23,21,17,18,6,9,7,23,14,5,7,19
2017,Jason Hammel,Royals,AL,X,0,22,21,17,23,14,10,17,8,14,16,9,10,18
2017,Marcus Stroman,Blue Jays,AL,X,2,10,9,8,4,11,14,14,17,5,15,13,16,15
2017,Drew Pomeranz,Red Sox,AL,X,0,5,3,9,7,8,17,12,20,3,9,23,18,16
2017,Ricky Nolasco,Angels,AL,X,0,23,22,23,21,23,1,18,12,21,17,14,20,17
2017,Carlos Carrasco,Indians,AL,X,43,2,2,4,6,4,20,5,6,7,5,3,3,14
2017,Masahiro Tanaka,Yankees,AL,X,0,12,15,14,19,13,11,8,3,22,7,4,4,13
2017,Chris Sale,Red Sox,AL,X,126,4,5,1,2,1,23,1,4,11,1,2,2,12
2017,Marco Estrada,Blue Jays,AL,X,0,21,11,16,22,19,4,11,22,19,11,21,19,11
2017,Jason Vargas,Royals,AL,X,0,3,13,22,14,22,2,19,13,17,19,15,21,10
2017,Alex Cobb,Rays,AL,X,0,14,12,20,11,12,12,20,5,9,20,7,12,9
2017,Dylan Bundy,Orioles,AL,X,0,11,10,11,16,15,9,16,10,13,13,12,11,7
2017,Michael Fulmer,Tigers,AL,X,0,19,19,7,12,6,18,22,2,1,21,6,13,8
2017,Luis Severino,Yankees,AL,X,73,9,4,3,3,3,21,4,9,6,4,8,5,6
2017,Justin Verlander,- - -,AL,X,32,8,7,6,8,7,16,6,23,15,8,18,9,5
2017,Sonny Gray,- - -,AL,X,0,20,20,12,10,10,13,15,11,4,12,19,15,4
2017,Corey Kluber,Indians,AL,O,204,1,1,2,1,2,22,2,1,8,2,1,1,3
2017,Andrew Cashner,Rangers,AL,X,0,16,14,19,9,20,5,23,19,2,23,22,23,2
2017,Ervin Santana,Twins,AL,X,3,7,6,13,5,16,8,13,16,20,18,10,14,1
2017,Clayton Richard,Padres,NL,X,0,28,30,21,30,19,13,22,17,15,25,13,21,31
2017,Jimmy Nelson,Brewers,NL,X,1,15,5,4,8,3,29,9,7,2,6,8,6,30
2017,Michael Wacha,Cardinals,NL,X,0,19,13,13,17,9,23,18,14,4,14,20,17,29
2017,Patrick Corbin,Diamondbacks,NL,X,0,9,26,14,16,14,19,14,20,20,15,16,16,28
2017,Luis Perdomo,Padres,NL,X,0,29,22,24,28,21,10,29,23,3,26,28,29,27
2017,Matt Moore,Giants,NL,X,0,31,31,28,31,27,5,24,24,24,21,26,24,26
2017,German Marquez,Rockies,NL,X,0,21,8,19,23,22,11,25,9,16,19,14,13,25
2017,Jon Lester,Cubs,NL,X,0,12,9,15,22,15,17,13,18,21,10,19,14,24
2017,Aaron Nola,Phillies,NL,X,0,16,20,5,11,5,27,12,8,6,7,11,8,23
2017,Jacob deGrom,Mets,NL,X,2,8,15,7,9,7,25,2,16,25,3,12,7,22
2017,Jeff Samardzija,Giants,NL,X,0,27,29,8,24,8,24,6,2,27,11,1,2,21
2017,Zach Davies,Brewers,NL,X,0,3,11,17,15,18,14,28,15,8,30,10,23,20
2017,Tanner Roark,Nationals,NL,X,0,13,19,16,27,16,16,16,21,12,18,23,20,19
2017,Ivan Nova,Pirates,NL,X,0,22,28,22,18,24,8,27,3,26,28,3,9,18
2017,Gerrit Cole,Pirates,NL,X,0,17,23,10,19,13,18,10,12,30,13,7,10,17
2017,R.A. Dickey,Braves,NL,X,0,26,18,25,21,26,6,26,25,18,27,22,27,15
2017,Ty Blach,Giants,NL,X,0,30,25,26,29,23,9,31,4,5,31,5,31,16
2017,Dan Straily,Marlins,NL,X,0,25,14,23,20,25,7,15,19,29,16,18,18,14
2017,Zack Greinke,Diamondbacks,NL,X,52,2,6,3,6,6,26,5,5,17,8,4,4,13
2017,Carlos Martinez,Cardinals,NL,X,0,18,21,12,12,11,21,4,27,23,9,21,12,12
2017,Julio Teheran,Braves,NL,X,0,24,27,29,25,29,3,21,29,28,24,25,26,11
2017,Jake Arrieta,Cubs,NL,X,0,10,16,18,10,17,15,17,13,13,12,17,15,10
2017,Stephen Strasburg,Nationals,NL,X,81,5,2,2,3,1,31,7,6,1,4,6,5,9
2017,Jhoulys Chacin,Padres,NL,X,0,14,17,20,14,20,12,20,28,7,22,29,25,8
2017,John Lackey,Cubs,NL,X,0,20,24,30,26,31,1,23,10,31,20,15,19,7
2017,Clayton Kershaw,Dodgers,NL,X,126,1,1,6,1,4,28,8,1,14,5,2,1,5
2017,Robbie Ray,Diamondbacks,NL,X,6,7,3,11,4,10,22,3,26,11,1,31,11,6
2017,Gio Gonzalez,Nationals,NL,X,18,6,12,9,5,12,20,11,31,9,17,27,22,4
2017,Jose Urena,Marlins,NL,X,0,11,7,31,13,30,2,30,22,19,29,24,30,3
2017,Max Scherzer,Nationals,NL,O,201,4,4,1,2,2,30,1,11,10,2,9,3,2
2017,Lance Lynn,Cardinals,NL,X,0,23,10,27,7,28,4,19,30,22,23,30,28,1
2016,Michael Pineda,Yankees,AL,X,0,39,34,12,35,10,30,6,17,25,1,23,9,39
2016,Collin McHugh,Astros,AL,X,0,13,17,19,24,15,25,12,19,21,11,20,14,38
2016,Carlos Rodon,White Sox,AL,X,0,32,20,20,20,19,21,14,20,17,7,25,18,37
2016,Wade Miley,- - -,AL,X,0,35,36,29,38,29,11,32,13,22,24,22,23,36
2016,Edinson Volquez,Royals,AL,X,0,26,24,32,39,32,8,31,35,15,33,37,37,35
2016,Mike Fiers,Astros,AL,X,0,22,10,34,31,28,12,33,5,24,28,10,17,34
2016,Hisashi Iwakuma,Mariners,AL,X,0,7,26,18,22,24,16,25,8,30,32,7,16,33
2016,David Price,Red Sox,AL,X,0,5,12,7,18,8,32,4,14,34,9,5,5,32
2016,Kevin Gausman,Orioles,AL,X,0,29,30,13,13,20,20,13,9,29,10,13,10,30
2016,Marcus Stroman,Blue Jays,AL,X,0,28,19,10,25,9,31,18,22,7,27,14,19,31
2016,Dallas Keuchel,Astros,AL,X,0,34,32,25,32,14,26,29,11,6,18,17,21,29
2016,Jered Weaver,Angels,AL,X,0,19,28,39,37,39,1,38,16,39,38,18,33,28
2016,Cole Hamels,Rangers,AL,X,0,10,6,11,8,17,23,7,37,19,8,35,26,26
2016,Doug Fister,Astros,AL,X,0,18,35,37,33,35,5,36,26,20,36,29,35,27
2016,Yordano Ventura,Royals,AL,X,0,21,29,33,29,33,7,27,38,14,30,38,36,25
2016,Chris Archer,Rays,AL,X,0,30,39,14,19,11,28,2,33,32,2,27,12,24
2016,Ricky Nolasco,- - -,AL,X,0,36,37,16,28,21,19,28,6,23,34,6,15,23
2016,Jose Quintana,White Sox,AL,X,1,12,27,4,7,7,33,11,15,11,17,9,11,22
2016,Trevor Bauer,Indians,AL,X,0,17,9,23,23,18,22,15,34,5,16,32,29,21
2016,Danny Duffy,Royals,AL,X,0,16,2,15,12,13,27,9,4,27,5,8,6,19
2016,Drew Smyly,Rays,AL,X,0,38,33,30,36,30,10,16,12,35,12,16,13,20
2016,Kendall Graveman,Athletics,AL,X,0,24,23,28,21,27,13,37,10,12,37,12,31,18
2016,CC Sabathia,Yankees,AL,X,0,33,31,22,17,25,15,23,30,8,20,30,30,17
2016,Martin Perez,Rangers,AL,X,0,23,22,26,26,31,9,39,36,2,39,34,39,16
2016,Ervin Santana,Twins,AL,X,0,37,25,8,10,12,29,24,18,4,25,21,22,15
2016,Chris Tillman,Orioles,AL,X,0,8,7,24,16,23,17,30,32,3,26,36,32,14
2016,Chris Sale,White Sox,AL,X,40,4,16,2,9,3,37,3,7,26,6,4,3,12
2016,R.A. Dickey,Blue Jays,AL,X,0,27,38,36,30,37,3,34,28,28,31,33,34,13
2016,Josh Tomlin,Indians,AL,X,0,14,14,35,27,36,4,35,1,38,35,1,1,11
2016,Masahiro Tanaka,Yankees,AL,X,6,11,5,6,3,5,35,20,3,13,23,3,4,8
2016,Corey Kluber,Indians,AL,X,98,3,11,5,4,1,39,5,24,10,4,15,8,9
2016,Jake Odorizzi,Rays,AL,X,0,25,8,31,15,26,14,17,21,31,15,19,20,10
2016,Rick Porcello,Red Sox,AL,O,137,1,3,3,5,2,38,8,2,18,19,2,2,7
2016,Ian Kennedy,Royals,AL,X,0,20,21,27,14,34,6,10,31,37,13,28,24,5
2016,J.A. Happ,Blue Jays,AL,X,14,2,4,17,6,16,24,21,25,9,22,24,25,6
2016,Aaron Sanchez,Blue Jays,AL,X,6,9,1,9,1,6,34,22,27,1,21,26,27,4
2016,Hector Santiago,- - -,AL,X,0,15,18,38,34,38,2,26,39,36,29,39,38,3
2016,Justin Verlander,Tigers,AL,X,132,6,13,1,2,4,36,1,23,33,3,11,7,2
2016,Marco Estrada,Blue Jays,AL,X,0,31,15,21,11,22,18,19,29,16,14,31,28,1
2016,Robbie Ray,Diamondbacks,NL,X,0,28,29,11,30,13,17,4,24,19,2,27,18,30
2016,Noah Syndergaard,Mets,NL,X,15,13,14,2,3,1,30,5,6,1,4,8,2,29
2016,Jose Fernandez,Marlins,NL,X,18,6,7,1,7,2,29,2,16,2,1,17,4,28
2016,Adam Wainwright,Cardinals,NL,X,0,16,15,19,25,20,11,20,21,15,26,16,20,27
2016,Mike Leake,Cardinals,NL,X,0,26,25,20,28,17,14,30,1,12,29,2,6,26
2016,Gio Gonzalez,Nationals,NL,X,0,21,23,18,23,14,18,14,20,9,9,20,19,25
2016,Chad Bettis,Rockies,NL,X,0,14,9,21,29,24,7,27,22,16,28,18,26,24
2016,Jon Gray,Rockies,NL,X,0,23,19,8,24,10,21,9,19,8,6,23,16,23
2016,Jaime Garcia,Cardinals,NL,X,0,24,26,27,27,26,5,22,18,25,16,21,22,22
2016,Zach Davies,Brewers,NL,X,0,22,4,22,20,19,12,28,3,11,22,7,13,21
2016,Jimmy Nelson,Brewers,NL,X,0,29,30,30,26,29,2,26,30,23,27,29,30,20
2016,Tom Koehler,Marlins,NL,X,0,27,27,28,22,27,4,23,28,14,21,28,28,19
2016,Johnny Cueto,Giants,NL,X,19,3,2,4,5,3,28,6,8,4,12,3,5,18
2016,Bartolo Colon,Mets,NL,X,0,11,8,23,13,22,9,29,2,22,30,1,8,17
2016,Carlos Martinez,Cardinals,NL,X,0,8,12,13,9,11,20,12,23,3,14,24,24,16
2016,Jeff Samardzija,Giants,NL,X,0,18,22,24,18,18,13,17,15,20,23,13,17,15
2016,Kenta Maeda,Dodgers,NL,X,0,9,21,16,14,9,22,11,10,10,7,15,12,14
2016,Jerad Eickhoff,Phillies,NL,X,0,19,28,14,15,23,8,16,5,28,19,4,9,13
2016,Jeremy Hellickson,Phillies,NL,X,0,17,18,10,16,21,10,21,9,21,25,10,14,12
2016,Tanner Roark,Nationals,NL,X,1,7,16,12,6,15,16,13,25,7,24,22,25,11
2016,Jason Hammel,Cubs,NL,X,0,12,17,25,19,25,6,25,13,24,17,19,21,10
2016,Madison Bumgarner,Giants,NL,X,46,10,13,5,4,6,26,3,14,26,5,9,3,9
2016,Julio Teheran,Braves,NL,X,0,30,20,15,11,12,19,18,4,17,15,5,7,8
2016,Jon Lester,Cubs,NL,X,102,2,1,7,2,7,24,7,11,13,8,12,11,6
2016,Brandon Finnegan,Reds,NL,X,0,25,24,29,21,30,1,24,29,27,20,30,29,7
2016,Max Scherzer,Nationals,NL,O,192,1,3,3,8,5,25,1,17,30,3,11,1,4
2016,John Lackey,Cubs,NL,X,0,20,11,17,12,16,15,10,12,18,11,14,15,5
2016,Kyle Hendricks,Cubs,NL,X,85,5,6,6,1,4,27,15,7,5,13,6,10,3
2016,Jake Arrieta,Cubs,NL,X,2,4,5,9,10,8,23,8,27,6,10,26,23,2
2016,Dan Straily,Reds,NL,X,0,15,10,26,17,28,3,19,26,29,18,25,27,1
2015,Mike Pelfrey,Twins,AL,X,0,35,27,24,26,20,16,36,11,1,35,16,33,36
2015,Rick Porcello,Red Sox,AL,X,0,31,34,32,33,24,13,23,2,31,15,9,8,35
2015,Jose Quintana,White Sox,AL,X,0,29,18,7,9,7,30,9,9,5,16,6,6,34
2015,Chris Sale,White Sox,AL,X,30,11,20,4,10,1,36,1,6,25,1,2,1,33
2015,CC Sabathia,Yankees,AL,X,0,36,19,35,32,34,3,27,15,33,20,21,20,32
2015,Collin McHugh,Astros,AL,X,5,2,3,9,22,10,27,11,18,15,19,14,16,31
2015,Ubaldo Jimenez,Orioles,AL,X,0,18,17,20,25,22,15,14,30,17,12,33,23,30
2015,Yordano Ventura,Royals,AL,X,0,13,8,18,24,9,28,18,22,2,8,28,21,28
2015,Wade Miley,Red Sox,AL,X,0,21,23,15,27,15,22,24,26,7,26,26,26,29
2015,John Danks,White Sox,AL,X,0,34,35,34,31,33,4,31,20,27,29,24,29,27
2015,Carlos Carrasco,Indians,AL,X,2,9,29,6,17,3,34,6,8,13,3,11,3,26
2015,Jeff Samardzija,White Sox,AL,X,0,22,33,22,34,27,10,15,14,36,25,10,13,24
2015,Yovani Gallardo,Rangers,AL,X,0,15,21,19,11,21,17,32,31,3,32,32,35,25
2015,Corey Kluber,Indians,AL,X,4,28,36,3,13,6,31,3,10,20,4,3,2,23
2015,Chris Archer,Rays,AL,X,29,17,32,5,6,4,33,2,29,14,2,23,9,22
2015,Alfredo Simon,Tigers,AL,X,0,16,30,33,36,35,1,34,32,26,33,30,36,21
2015,Chris Tillman,Orioles,AL,X,0,24,24,27,35,31,6,33,27,18,31,34,34,20
2015,Taijuan Walker,Mariners,AL,X,0,27,10,31,29,23,14,17,3,30,11,12,7,19
2015,David Price,- - -,AL,X,143,3,1,1,1,2,35,4,13,10,6,5,4,16
2015,Wei-Yin Chen,Orioles,AL,X,0,20,9,14,7,25,12,21,5,34,22,7,10,17
2015,Edinson Volquez,Royals,AL,X,0,14,13,17,15,16,21,20,34,4,23,29,30,18
2015,Colby Lewis,Rangers,AL,X,0,5,12,21,30,26,11,26,7,32,30,4,12,15
2015,Felix Hernandez,Mariners,AL,X,9,4,11,16,14,13,24,8,21,23,9,20,14,14
2015,Kyle Gibson,Twins,AL,X,0,19,22,13,21,18,19,25,28,11,27,27,28,13
2015,Mark Buehrle,Blue Jays,AL,X,0,7,6,26,20,28,9,35,1,21,36,1,19,12
2015,Danny Salazar,Indians,AL,X,0,10,16,10,12,12,25,7,17,24,5,19,11,11
2015,Trevor Bauer,Indians,AL,X,0,25,31,28,28,29,8,12,36,22,7,36,31,10
2015,Garrett Richards,Angels,AL,X,0,6,28,12,18,17,20,10,35,16,17,31,25,9
2015,Scott Kazmir,- - -,AL,X,0,33,26,23,4,19,18,19,24,19,18,25,22,8
2015,Erasmo Ramirez,Rays,AL,X,0,23,2,25,19,14,23,30,4,6,24,13,17,7
2015,Jake Odorizzi,Rays,AL,X,0,30,14,11,8,11,26,22,12,12,14,15,15,6
2015,Dallas Keuchel,Astros,AL,O,186,1,5,2,2,5,32,5,16,9,10,8,5,5
2015,R.A. Dickey,Blue Jays,AL,X,0,26,25,29,23,32,5,29,25,29,34,18,32,4
2015,Sonny Gray,Athletics,AL,X,82,8,4,8,3,8,29,13,23,8,21,17,18,3
2015,Hector Santiago,Angels,AL,X,0,32,15,36,16,36,2,16,33,35,13,35,27,2
2015,Marco Estrada,Blue Jays,AL,X,3,12,7,30,5,30,7,28,19,28,28,22,24,1
2015,Gio Gonzalez,Nationals,NL,X,0,21,14,12,23,10,28,19,32,1,15,35,27,38
2015,A.J. Burnett,Pirates,NL,X,0,31,9,21,13,15,25,28,16,4,20,20,18,37
2015,Andrew Cashner,Padres,NL,X,0,37,37,26,35,24,15,22,30,22,19,29,25,36
2015,Tyson Ross,Padres,NL,X,0,27,30,9,14,9,30,6,38,2,4,38,23,35
2015,Lance Lynn,Cardinals,NL,X,0,17,24,19,12,16,23,20,31,7,16,34,26,34
2015,Carlos Martinez,Cardinals,NL,X,0,9,5,14,10,13,26,13,26,8,10,26,19,32
2015,Anthony DeSclafani,Reds,NL,X,0,30,33,17,29,19,20,25,21,17,25,19,20,33
2015,Alex Wood,- - -,NL,X,0,18,28,20,24,21,18,30,24,12,31,22,30,31
2015,Jeff Locke,Pirates,NL,X,0,35,26,31,36,27,12,34,25,11,30,28,35,30
2015,Brett Anderson,Dodgers,NL,X,0,29,19,28,20,26,13,36,13,20,35,16,24,29
2015,Bartolo Colon,Mets,NL,X,0,10,31,22,33,23,16,32,1,31,34,1,4,28
2015,Gerrit Cole,Pirates,NL,X,40,3,11,5,5,3,36,10,12,5,14,11,9,27
2015,Jon Lester,Cubs,NL,X,0,20,29,6,15,8,31,7,14,15,11,12,10,26
2015,Jordan Zimmermann,Nationals,NL,X,0,14,21,18,19,22,17,23,7,30,26,6,12,25
2015,Ian Kennedy,Padres,NL,X,0,33,35,38,34,34,5,15,19,35,8,21,15,24
2015,Jon Niese,Mets,NL,X,0,32,23,36,32,32,7,37,22,24,36,23,37,23
2015,James Shields,Padres,NL,X,0,15,6,35,25,33,6,5,37,38,7,36,21,21
2015,Chris Heston,Giants,NL,X,0,19,25,30,27,28,11,29,28,14,29,30,34,22
2015,Kyle Hendricks,Cubs,NL,X,0,34,10,16,26,14,24,21,11,18,17,14,13,20
2015,John Lackey,Cardinals,NL,X,1,12,20,13,7,18,21,14,20,25,27,15,16,19
2015,Francisco Liriano,Pirates,NL,X,0,16,7,15,16,12,27,8,33,10,3,33,17,17
2015,Aaron Harang,Phillies,NL,X,0,38,36,32,38,38,1,38,18,32,37,18,36,18
2015,Jason Hammel,Cubs,NL,X,0,28,8,23,22,20,19,16,9,29,12,13,11,14
2015,Rubby de la Rosa,Diamondbacks,NL,X,0,11,17,37,37,37,2,26,27,37,28,25,29,15
2015,Julio Teheran,Braves,NL,X,0,24,15,29,28,31,8,17,34,33,21,31,31,16
2015,Shelby Miller,Braves,NL,X,0,36,38,11,11,17,22,18,35,6,24,27,32,12
2015,Jimmy Nelson,Brewers,NL,X,0,22,32,25,31,29,10,27,29,19,23,32,33,13
2015,Tom Koehler,Marlins,NL,X,0,26,34,34,30,35,4,31,36,27,32,37,38,11
2015,Madison Bumgarner,Giants,NL,X,8,4,16,7,9,7,32,4,6,26,6,3,3,10
2015,Clayton Kershaw,Dodgers,NL,X,101,6,4,1,3,1,38,1,10,13,1,4,2,9
2015,Matt Harvey,Mets,NL,X,0,13,13,10,6,11,29,12,3,21,13,7,6,7
2015,Michael Wacha,Cardinals,NL,X,0,5,3,24,17,25,14,24,23,23,22,24,22,8
2015,Jacob deGrom,Mets,NL,X,7,8,12,8,4,4,35,9,4,16,5,8,5,6
2015,Max Scherzer,Nationals,NL,X,32,7,27,3,8,6,33,2,2,34,2,2,1,5
2015,Mike Leake,- - -,NL,X,0,23,22,27,21,30,9,35,17,28,38,17,28,4
2015,Dan Haren,- - -,NL,X,0,25,18,33,18,36,3,33,5,36,33,9,14,3
2015,Jake Arrieta,Cubs,NL,O,169,1,2,2,2,2,37,3,15,3,9,10,8,2
2015,Zack Greinke,Dodgers,NL,X,147,2,1,4,1,5,34,11,8,9,18,5,7,1
2014,Colby Lewis,Rangers,AL,X,0,34,39,33,38,36,4,29,15,34,24,20,21,39
2014,Phil Hughes,Twins,AL,X,6,5,18,2,18,5,35,7,1,17,13,1,1,38
2014,Jose Quintana,White Sox,AL,X,0,36,27,8,13,8,32,11,21,2,12,16,12,37
2014,Justin Verlander,Tigers,AL,X,0,10,30,15,35,21,19,18,32,20,26,25,27,36
2014,Corey Kluber,Indians,AL,O,169,1,9,1,3,1,39,2,19,9,3,9,6,34
2014,Mark Buehrle,Blue Jays,AL,X,0,19,21,10,16,19,21,36,11,11,39,13,24,35
2014,Max Scherzer,Tigers,AL,X,32,2,3,5,9,9,31,3,29,21,2,21,10,32
2014,Clay Buchholz,Red Sox,AL,X,0,37,28,31,39,27,12,30,23,19,25,26,28,33
2014,David Price,- - -,AL,X,16,8,29,3,12,6,34,1,5,35,4,3,3,30
2014,C.J. Wilson,Angels,AL,X,0,23,22,37,34,33,7,21,39,18,18,39,38,31
2014,Jon Lester,- - -,AL,X,46,4,24,6,4,7,33,5,13,15,7,10,7,28
2014,Jason Vargas,Royals,AL,X,0,29,23,24,26,24,16,33,8,23,32,11,17,29
2014,Rick Porcello,Tigers,AL,X,0,11,35,17,17,20,20,32,7,22,35,8,16,27
2014,Wei-Yin Chen,Orioles,AL,X,0,6,4,25,20,26,14,28,4,32,28,5,11,25
2014,Chris Archer,Rays,AL,X,0,32,16,18,14,14,26,14,35,5,11,35,29,26
2014,James Shields,Royals,AL,X,0,15,8,14,11,16,24,10,9,31,22,6,9,22
2014,Dallas Keuchel,Astros,AL,X,0,25,13,12,7,10,30,25,14,3,29,14,19,23
2014,Jake Odorizzi,Rays,AL,X,0,30,38,28,30,22,18,12,26,24,6,33,20,24
2014,Jeremy Guthrie,Royals,AL,X,0,22,25,34,31,34,5,34,16,30,36,15,25,20
2014,Roenis Elias,Mariners,AL,X,0,35,32,35,29,29,11,26,30,12,14,38,33,21
2014,Drew Hutchison,Blue Jays,AL,X,0,28,37,21,33,25,15,8,27,29,8,29,18,19
2014,Scott Feldman,Astros,AL,X,0,38,33,30,28,30,10,38,18,14,38,18,35,17
2014,John Danks,White Sox,AL,X,0,31,26,36,36,37,3,31,38,33,33,37,39,18
2014,Hector Noesi,- - -,AL,X,0,39,34,38,37,38,2,35,24,39,31,30,34,16
2014,Yordano Ventura,Royals,AL,X,0,16,20,22,10,18,23,19,34,8,15,36,31,15
2014,Hisashi Iwakuma,Mariners,AL,X,0,12,12,19,19,12,28,20,2,27,17,2,2,13
2014,Kyle Gibson,Twins,AL,X,0,20,31,20,32,23,17,39,25,6,37,28,36,14
2014,Scott Kazmir,Athletics,AL,X,0,9,11,13,21,13,27,16,17,13,16,17,13,12
2014,Alex Cobb,Rays,AL,X,0,33,17,23,6,11,29,23,12,4,10,19,15,11
2014,Chris Sale,White Sox,AL,X,78,24,2,7,2,3,37,6,6,7,1,12,5,10
2014,Hiroki Kuroda,Yankees,AL,X,0,27,15,16,25,17,22,24,3,26,27,4,8,8
2014,Bud Norris,Orioles,AL,X,0,13,7,32,23,32,8,27,22,25,19,24,22,9
2014,Sonny Gray,Athletics,AL,X,0,14,19,11,8,15,25,9,36,10,20,31,26,7
2014,Jered Weaver,Angels,AL,X,0,3,10,29,22,31,9,15,31,38,23,23,23,5
2014,Chris Tillman,Orioles,AL,X,0,21,6,26,15,28,13,22,33,28,30,27,32,6
2014,Garrett Richards,Angels,AL,X,0,18,1,9,5,4,36,17,20,1,9,22,14,4
2014,R.A. Dickey,Blue Jays,AL,X,0,17,36,27,27,35,6,13,37,36,21,32,30,3
2014,Felix Hernandez,Mariners,AL,X,159,7,5,4,1,2,38,4,10,16,5,7,4,2
2014,Chris Young,Mariners,AL,X,0,26,14,39,24,39,1,37,28,37,34,34,37,1
2014,Nathan Eovaldi,Marlins,NL,X,0,43,41,11,40,13,31,28,13,10,33,12,17,43
2014,Travis Wood,Cubs,NL,X,0,37,38,35,43,39,5,25,40,27,18,40,41,42
2014,Ervin Santana,Braves,NL,X,0,15,18,13,32,14,30,15,28,16,12,29,23,41
2014,Aaron Harang,Braves,NL,X,0,23,30,17,25,21,24,20,32,12,22,31,33,40
2014,Wade Miley,Diamondbacks,NL,X,0,38,31,36,39,32,12,12,39,37,14,37,31,39
2014,Stephen Strasburg,Nationals,NL,X,3,13,22,4,16,4,40,2,10,40,2,10,3,37
2014,Ian Kennedy,Padres,NL,X,0,17,34,16,27,8,36,5,31,15,4,30,21,38
2014,Zack Greinke,Dodgers,NL,X,6,5,6,6,8,5,39,6,12,25,5,11,6,36
2014,Bartolo Colon,Mets,NL,X,0,10,32,15,35,20,23,24,3,36,29,3,5,35
2014,Henderson Alvarez,Marlins,NL,X,1,22,5,20,6,22,22,41,5,11,43,5,16,32
2014,Jon Niese,Mets,NL,X,0,32,27,22,18,24,20,32,16,20,30,18,20,33
2014,Zack Wheeler,Mets,NL,X,0,25,26,21,23,19,25,10,41,8,6,39,32,34
2014,Jordan Zimmermann,Nationals,NL,X,25,12,2,2,7,2,42,13,2,7,13,1,2,30
2014,A.J. Burnett,Phillies,NL,X,0,35,43,26,41,35,9,9,43,26,15,42,39,31
2014,Tim Hudson,Giants,NL,X,0,33,37,27,26,18,27,38,6,13,39,6,14,29
2014,Mike Leake,Reds,NL,X,0,26,35,23,29,28,16,19,19,39,26,17,18,28
2014,Madison Bumgarner,Giants,NL,X,28,4,14,8,14,6,38,4,11,30,7,9,4,26
2014,Eric Stults,Padres,NL,X,0,41,42,43,38,42,2,40,17,42,40,19,30,27
2014,Alex Wood,Braves,NL,X,0,24,25,14,10,10,34,18,14,17,10,20,9,23
2014,Cole Hamels,Phillies,NL,X,17,31,13,5,5,7,37,7,26,9,11,25,15,24
2014,Wily Peralta,Brewers,NL,X,0,6,21,33,22,34,10,21,27,38,24,26,27,25
2014,Yovani Gallardo,Brewers,NL,X,0,36,28,30,21,30,14,26,22,29,27,22,25,21
2014,Ryan Vogelsong,Giants,NL,X,0,39,39,39,33,26,18,23,25,21,19,28,26,22
2014,Tyson Ross,Padres,NL,X,0,18,40,18,11,9,35,8,35,5,8,34,24,20
2014,Lance Lynn,Cardinals,NL,X,0,8,15,9,9,12,32,14,36,6,16,32,28,17
2014,Tom Koehler,Marlins,NL,X,0,28,19,24,31,25,19,22,33,14,20,36,36,18
2014,Kyle Kendrick,Phillies,NL,X,0,29,36,38,42,41,3,37,24,41,41,24,37,19
2014,Francisco Liriano,Pirates,NL,X,0,42,20,31,17,23,21,17,42,4,3,43,35,16
2014,Clayton Kershaw,Dodgers,NL,O,210,1,1,1,1,1,43,3,4,1,1,4,1,15
2014,Dan Haren,Dodgers,NL,X,0,20,24,29,34,33,11,27,7,43,23,7,8,14
2014,Tanner Roark,Nationals,NL,X,0,9,16,12,12,15,29,33,8,18,35,8,13,13
2014,Kyle Lohse,Brewers,NL,X,0,19,10,25,24,31,13,29,15,35,32,15,19,11
2014,Matt Garza,Brewers,NL,X,0,34,7,19,28,17,26,36,20,3,25,27,29,12
2014,Julio Teheran,Braves,NL,X,0,14,33,10,13,16,28,11,21,34,17,16,11,8
2014,Adam Wainwright,Cardinals,NL,X,97,3,9,3,3,3,41,16,18,2,21,14,12,9
2014,Josh Collmenter,Diamondbacks,NL,X,0,27,11,32,20,27,17,39,9,22,37,13,22,10
2014,Roberto Hernandez,- - -,NL,X,0,40,29,42,37,43,1,42,38,24,38,41,43,7
2014,Alfredo Simon,Reds,NL,X,0,11,17,37,19,37,7,35,23,33,36,23,34,6
2014,Jorge De La Rosa,Rockies,NL,X,0,16,23,28,36,38,6,31,30,28,28,33,38,4
2014,Edinson Volquez,Pirates,NL,X,0,21,4,40,15,36,8,30,34,19,31,35,40,5
2014,Doug Fister,Nationals,NL,X,5,7,3,34,4,29,15,43,1,23,42,2,7,3
2014,Shelby Miller,Cardinals,NL,X,0,30,12,41,30,40,4,34,37,31,34,38,42,2
2014,Johnny Cueto,Reds,NL,X,112,2,8,7,2,11,33,1,29,32,9,21,10,1
2013,Bud Norris,- - -,AL,X,0,31,30,20,28,22,15,25,27,10,18,31,31,37
2013,Doug Fister,Tigers,AL,X,0,9,14,8,19,7,31,21,7,4,27,5,9,35
2013,Joe Saunders,Mariners,AL,X,0,28,37,35,37,36,2,35,22,27,35,29,37,36
2013,Justin Verlander,Tigers,AL,X,0,16,29,5,16,8,29,4,32,14,8,30,17,34
2013,Rick Porcello,Tigers,AL,X,0,18,10,18,31,16,22,26,5,13,23,9,12,33
2013,Felix Hernandez,Mariners,AL,X,6,19,22,1,6,2,36,5,10,7,5,8,3,32
2013,Kevin Correia,Twins,AL,X,0,35,35,31,29,28,9,37,8,25,36,11,29,31
2013,Felix Doubront,Red Sox,AL,X,0,26,4,24,32,20,18,28,31,3,14,36,34,30
2013,CC Sabathia,Yankees,AL,X,0,11,31,26,35,25,12,16,25,33,20,22,21,28
2013,Andy Pettitte,Yankees,AL,X,0,25,27,21,21,19,19,31,11,11,30,13,22,29
2013,Anibal Sanchez,Tigers,AL,X,46,8,9,2,1,1,37,6,16,1,3,19,8,25
2013,Derek Holland,Rangers,AL,X,4,29,18,7,14,12,25,10,24,17,10,21,15,26
2013,Jeremy Hellickson,Rays,AL,X,0,21,24,32,36,27,11,29,12,24,25,18,20,27
2013,Mark Buehrle,Blue Jays,AL,X,0,20,23,25,27,26,13,27,14,23,31,12,19,24
2013,Ubaldo Jimenez,Indians,AL,X,0,17,17,14,10,11,27,9,36,8,4,35,27,23
2013,Jon Lester,Red Sox,AL,X,0,5,8,17,22,18,20,15,26,15,19,24,23,21
2013,C.J. Wilson,Angels,AL,X,0,3,5,19,13,15,23,11,37,6,11,34,30,22
2013,David Price,Rays,AL,X,0,30,13,11,12,4,34,23,1,9,22,1,1,19
2013,James Shields,Royals,AL,X,2,15,16,9,8,14,24,7,28,16,13,20,18,20
2013,Ryan Dempster,Red Sox,AL,X,0,37,19,36,33,35,3,22,34,30,9,37,33,17
2013,Jeremy Guthrie,Royals,AL,X,0,6,28,34,26,37,1,34,21,34,37,16,36,18
2013,Bartolo Colon,Athletics,AL,X,25,2,2,12,2,6,32,33,2,5,34,2,6,16
2013,Jerome Williams,Angels,AL,X,0,36,26,37,34,34,4,36,18,20,33,27,35,15
2013,Chris Sale,White Sox,AL,X,44,23,36,4,7,5,33,3,9,21,6,7,2,14
2013,Justin Masterson,Indians,AL,X,0,10,20,13,15,10,28,8,33,2,7,33,25,13
2013,Jose Quintana,White Sox,AL,X,0,33,7,15,17,21,17,18,20,19,21,17,16,12
2013,Hiroki Kuroda,Yankees,AL,X,0,24,33,16,11,17,21,24,6,18,28,6,10,11
2013,John Lackey,Red Sox,AL,X,0,32,34,22,18,23,16,20,3,32,16,4,7,10
2013,Chris Tillman,Orioles,AL,X,0,4,6,27,20,30,8,13,29,35,12,28,24,9
2013,Ervin Santana,Royals,AL,X,0,34,25,23,9,24,14,19,13,31,26,10,14,8
2013,R.A. Dickey,Blue Jays,AL,X,0,12,32,28,30,33,5,14,30,36,24,25,26,7
2013,Yu Darvish,Rangers,AL,X,93,14,15,6,4,9,30,1,35,29,1,32,11,6
2013,Miguel Gonzalez,Orioles,AL,X,0,27,12,29,23,31,7,32,15,22,29,23,28,4
2013,Jarrod Parker,Athletics,AL,X,0,22,11,33,25,29,10,30,23,26,32,26,32,5
2013,Max Scherzer,Tigers,AL,O,203,1,1,3,5,3,35,2,19,12,2,14,5,3
2013,Hisashi Iwakuma,Mariners,AL,X,73,7,3,10,3,13,26,12,4,28,17,3,4,2
2013,A.J. Griffin,Athletics,AL,X,0,13,21,30,24,32,6,17,17,37,15,15,13,1
2013,Edinson Volquez,- - -,NL,X,0,37,35,42,43,40,4,31,41,24,23,42,40,43
2013,Edwin Jackson,Cubs,NL,X,0,41,43,29,42,29,15,33,28,15,29,32,34,42
2013,Jeff Samardzija,Cubs,NL,X,0,40,38,22,36,28,16,4,42,39,5,34,27,40
2013,Lance Lynn,Cardinals,NL,X,0,6,21,17,33,13,31,9,38,10,9,37,29,41
2013,Kyle Kendrick,Phillies,NL,X,0,30,37,31,40,35,9,43,16,22,43,18,33,39
2013,Adam Wainwright,Cardinals,NL,X,86,1,13,3,7,3,41,3,5,14,16,2,2,37
2013,A.J. Burnett,Pirates,NL,X,0,28,30,10,18,5,39,5,35,4,1,33,23,38
2013,Jorge De La Rosa,Rockies,NL,X,0,4,3,25,25,27,17,42,31,5,37,36,41,36
2013,Dan Haren,Nationals,NL,X,0,32,39,33,39,39,5,26,2,42,18,6,4,34
2013,Eric Stults,Padres,NL,X,0,25,36,21,32,23,21,34,8,23,38,8,17,35
2013,Tim Lincecum,Giants,NL,X,0,33,40,37,37,26,18,10,39,30,11,38,30,33
2013,Ricky Nolasco,- - -,NL,X,0,19,28,14,30,15,29,20,11,18,25,12,12,30
2013,Mat Latos,Reds,NL,X,0,10,5,5,14,8,36,14,26,11,19,23,19,31
2013,Yovani Gallardo,Brewers,NL,X,0,22,23,36,35,30,13,29,33,19,27,35,38,32
2013,Kris Medlen,Braves,NL,X,0,7,31,27,13,22,22,24,13,21,28,14,15,29
2013,Hyun-Jin Ryu,Dodgers,NL,X,0,12,9,12,8,11,33,25,18,13,26,17,22,26
2013,Dillon Gee,Mets,NL,X,0,21,29,32,29,34,10,32,14,38,35,13,24,27
2013,Wade Miley,Diamondbacks,NL,X,0,31,25,35,27,33,11,28,32,31,33,28,36,28
2013,Cole Hamels,Phillies,NL,X,0,38,41,6,28,12,32,6,19,32,14,11,6,24
2013,Ian Kennedy,- - -,NL,X,0,43,27,43,41,43,1,21,36,41,17,41,35,25
2013,Wily Peralta,Brewers,NL,X,0,27,42,41,38,41,3,35,37,25,36,40,42,23
2013,Julio Teheran,Braves,NL,X,0,14,11,26,15,25,19,18,9,35,15,15,9,21
2013,Jhoulys Chacin,Rockies,NL,X,0,11,22,9,23,21,23,37,29,6,39,27,39,22
2013,Cliff Lee,Phillies,NL,X,32,9,8,4,6,6,38,2,3,36,6,1,1,20
2013,Gio Gonzalez,Nationals,NL,X,0,24,12,20,20,19,25,11,40,17,10,39,32,19
2013,Mike Leake,Reds,NL,X,0,15,6,28,21,37,7,41,17,33,40,16,31,18
2013,Homer Bailey,Reds,NL,X,0,23,33,8,24,14,30,7,21,29,13,19,10,17
2013,Patrick Corbin,Diamondbacks,NL,X,0,13,10,19,22,20,24,17,22,26,22,20,16,16
2013,Matt Harvey,Mets,NL,X,39,35,2,2,3,1,43,13,1,1,3,4,3,14
2013,Shelby Miller,Cardinals,NL,X,0,8,16,30,10,24,20,19,25,28,12,29,25,15
2013,Jeff Locke,Pirates,NL,X,0,34,7,40,26,36,8,39,43,3,31,43,43,13
2013,Kyle Lohse,Brewers,NL,X,0,26,24,34,19,38,6,38,6,40,41,5,13,11
2013,Zack Greinke,Dodgers,NL,X,19,5,1,16,4,10,34,27,12,9,24,21,20,12
2013,Mike Minor,Braves,NL,X,0,18,18,15,16,18,26,16,10,34,20,10,8,10
2013,Jordan Zimmermann,Nationals,NL,X,21,2,14,11,17,17,27,22,7,27,30,7,7,9
2013,Andrew Cashner,Padres,NL,X,0,29,19,24,11,16,28,36,15,8,32,22,28,8
2013,Bronson Arroyo,Reds,NL,X,0,16,32,38,31,42,2,40,4,43,42,3,11,7
2013,Stephen Strasburg,Nationals,NL,X,0,39,20,18,9,9,35,12,24,16,4,25,14,6
2013,Matt Cain,Giants,NL,X,0,42,26,39,34,32,12,23,23,37,21,24,26,5
2013,Clayton Kershaw,Dodgers,NL,O,207,3,15,1,1,2,42,1,20,7,8,9,5,3
2013,Madison Bumgarner,Giants,NL,X,3,17,17,13,5,7,37,8,30,12,7,26,21,4
2013,Travis Wood,Cubs,NL,X,0,36,34,23,12,31,14,30,34,20,34,30,37,2
2013,Jose Fernandez,Marlins,NL,X,62,20,4,7,2,4,40,15,27,2,2,31,18,1
2012,Rick Porcello,Tigers,AL,X,0,28,26,15,26,13,24,33,5,6,34,11,22,36
2012,Max Scherzer,Tigers,AL,X,0,7,4,5,14,4,32,2,24,18,1,21,6,35
2012,Ivan Nova,Yankees,AL,X,0,22,9,30,31,26,10,17,16,28,10,22,17,34
2012,Luke Hochevar,Royals,AL,X,0,36,35,29,35,28,9,19,25,26,20,23,23,33
2012,Jon Lester,Red Sox,AL,X,0,30,31,18,28,19,18,13,30,21,17,24,21,32
2012,Ricky Romero,Blue Jays,AL,X,0,32,32,34,36,34,3,31,36,14,29,36,36,31
2012,Tommy Milone,Athletics,AL,X,0,15,15,13,15,15,23,27,2,19,27,2,7,29
2012,Luis Mendoza,Royals,AL,X,0,35,17,25,22,22,15,34,22,4,32,29,33,30
2012,Justin Masterson,Indians,AL,X,0,24,34,16,30,20,17,15,32,8,22,31,32,27
2012,Ubaldo Jimenez,Indians,AL,X,0,31,36,31,34,33,4,21,35,20,16,35,34,28
2012,Felix Hernandez,Mariners,AL,X,41,13,12,2,5,1,36,4,15,3,9,9,2,26
2012,Bruce Chen,Royals,AL,X,0,26,30,26,32,31,6,25,8,33,26,10,14,25
2012,Dan Haren,Angels,AL,X,0,20,28,24,24,21,16,22,3,29,18,3,9,24
2012,Gavin Floyd,White Sox,AL,X,0,19,22,23,23,24,13,20,27,15,13,30,24,23
2012,Yu Darvish,Rangers,AL,X,1,6,11,3,19,6,31,5,33,2,2,34,20,22
2012,Chris Sale,White Sox,AL,X,17,5,7,4,4,5,33,9,10,12,4,15,8,21
2012,Matt Moore,Rays,AL,X,0,25,23,19,16,14,22,10,31,9,5,33,28,20
2012,James Shields,Rays,AL,X,0,11,14,9,12,9,28,3,18,24,7,14,5,18
2012,Scott Diamond,Twins,AL,X,0,17,13,20,13,16,21,35,1,7,35,1,15,19
2012,Henderson Alvarez,Blue Jays,AL,X,0,33,33,35,29,35,2,36,13,31,36,18,35,17
2012,Jarrod Parker,Athletics,AL,X,0,14,8,10,11,8,29,26,28,1,21,28,26,16
2012,CC Sabathia,Yankees,AL,X,0,10,3,8,10,7,30,7,4,17,6,4,1,15
2012,Phil Hughes,Yankees,AL,X,0,9,27,22,21,25,12,14,7,35,12,8,10,14
2012,David Price,Rays,AL,O,159,1,1,7,1,3,34,6,19,5,8,17,11,13
2012,Matt Harrison,Rangers,AL,X,2,3,18,11,7,17,20,29,20,16,33,16,25,12
2012,Clay Buchholz,Red Sox,AL,X,0,27,10,33,25,29,8,30,29,22,30,26,30,11
2012,Hiroki Kuroda,Yankees,AL,X,0,8,19,12,8,12,25,12,11,25,23,6,12,9
2012,C.J. Wilson,Angels,AL,X,0,16,16,17,17,18,19,11,34,10,14,32,31,10
2012,Wei-Yin Chen,Orioles,AL,X,0,18,21,21,20,23,14,16,17,30,19,19,18,8
2012,Justin Verlander,Tigers,AL,X,149,4,6,1,2,2,35,1,23,11,3,12,3,7
2012,Jake Peavy,White Sox,AL,X,0,23,25,6,9,10,27,8,9,27,11,5,4,6
2012,Derek Holland,Rangers,AL,X,0,21,5,28,27,32,5,18,12,32,15,20,16,4
2012,Jeremy Hellickson,Rays,AL,X,0,29,24,32,6,27,11,32,21,23,28,25,29,5
2012,Jason Vargas,Mariners,AL,X,0,12,20,27,18,30,7,24,14,34,31,13,19,3
2012,Jered Weaver,Angels,AL,X,70,2,2,14,3,11,26,23,6,13,24,7,13,1
2012,Ervin Santana,Angels,AL,X,0,34,29,36,33,36,1,28,26,36,25,27,27,2
2012,Lance Lynn,Cardinals,NL,X,0,4,6,20,27,11,36,15,34,13,3,35,24,46
2012,Adam Wainwright,Cardinals,NL,X,0,16,37,7,31,3,44,12,18,9,12,18,12,45
2012,Tommy Hanson,Braves,NL,X,0,26,22,46,42,45,2,24,39,43,13,43,35,44
2012,Jake Westbrook,Cardinals,NL,X,0,23,28,30,32,20,26,43,20,2,43,26,40,43
2012,Joe Blanton,- - -,NL,X,0,37,41,21,45,26,21,20,2,45,21,3,2,42
2012,Cliff Lee,Phillies,NL,X,0,46,19,2,9,4,43,4,1,42,9,1,1,39
2012,Ricky Nolasco,Marlins,NL,X,0,30,40,26,41,25,22,39,11,17,37,15,26,40
2012,Tim Lincecum,Giants,NL,X,0,41,46,42,46,37,9,9,45,28,4,45,38,41
2012,Ian Kennedy,Diamondbacks,NL,X,0,13,34,24,34,32,14,10,25,44,15,19,14,37
2012,Mike Leake,Reds,NL,X,0,44,18,40,43,42,5,40,7,39,38,10,23,38
2012,Josh Johnson,Marlins,NL,X,0,43,45,11,29,9,37,22,35,7,22,34,31,36
2012,Bud Norris,Astros,NL,X,0,45,43,33,44,40,7,21,36,29,10,39,33,35
2012,Johnny Cueto,Reds,NL,X,75,3,13,6,3,6,40,17,14,11,28,9,13,33
2012,Jeff Samardzija,Cubs,NL,X,0,42,42,17,30,16,31,13,26,21,2,32,16,34
2012,A.J. Burnett,Pirates,NL,X,0,9,20,9,16,15,32,14,30,16,16,29,20,32
2012,Wade Miley,Diamondbacks,NL,X,0,8,26,8,10,5,42,31,4,8,32,5,5,31
2012,Edinson Volquez,Padres,NL,X,0,35,32,39,37,34,13,16,46,5,11,46,44,30
2012,Cole Hamels,Phillies,NL,X,1,5,5,5,8,8,39,3,17,33,6,14,4,27
2012,Homer Bailey,Reds,NL,X,0,21,21,22,21,30,17,18,19,38,27,16,15,28
2012,Yovani Gallardo,Brewers,NL,X,0,11,14,31,19,28,19,6,43,36,7,40,32,29
2012,Trevor Cahill,Diamondbacks,NL,X,0,22,35,25,28,23,24,26,40,12,30,36,39,25
2012,Lucas Harrell,Astros,NL,X,0,34,31,19,26,18,29,34,42,4,34,41,43,26
2012,Jordan Zimmermann,Nationals,NL,X,0,27,10,10,7,13,33,28,9,18,29,8,11,24
2012,Bronson Arroyo,Reds,NL,X,0,31,23,27,23,35,12,37,3,41,39,2,9,23
2012,Chris Capuano,Dodgers,NL,X,0,28,36,15,22,29,18,23,24,35,24,22,19,21
2012,Ryan Vogelsong,Giants,NL,X,0,18,16,32,12,17,30,25,31,15,23,33,29,22
2012,Paul Maholm,- - -,NL,X,0,24,29,34,20,31,16,33,22,22,31,25,27,19
2012,Barry Zito,Giants,NL,X,0,14,9,41,38,44,3,41,38,20,41,37,45,20
2012,Wandy Rodriguez,- - -,NL,X,0,29,39,14,25,27,20,35,28,25,36,23,34,18
2012,Edwin Jackson,Nationals,NL,X,0,39,33,29,35,22,23,19,29,30,17,27,21,17
2012,Aaron Harang,Dodgers,NL,X,0,38,25,28,17,36,11,36,44,6,33,44,46,16
2012,Madison Bumgarner,Giants,NL,X,0,10,27,18,11,12,35,8,13,31,14,13,6,15
2012,R.A. Dickey,Mets,NL,O,209,2,4,4,2,7,41,1,23,32,8,11,3,14
2012,Kevin Correia,Pirates,NL,X,0,33,30,43,40,43,4,46,10,23,45,21,42,13
2012,Jon Niese,Mets,NL,X,0,20,17,23,13,21,27,27,15,27,25,17,17,11
2012,Clayton Richard,Padres,NL,X,0,19,44,45,33,46,1,42,8,46,46,6,30,12
2012,Mark Buehrle,Marlins,NL,X,0,25,38,36,24,38,10,38,6,40,42,7,18,9
2012,Tim Hudson,Braves,NL,X,0,12,7,38,18,19,28,45,12,3,44,20,37,10
2012,James McDonald,Pirates,NL,X,0,32,11,35,39,39,8,29,37,24,19,42,36,8
2012,Gio Gonzalez,Nationals,NL,X,93,1,8,3,6,1,46,5,41,1,1,38,25,7
2012,Mat Latos,Reds,NL,X,0,17,2,16,15,24,25,11,33,34,18,28,22,6
2012,Ross Detwiler,Nationals,NL,X,0,40,12,37,14,33,15,44,21,10,40,31,41,5
2012,Kyle Lohse,Cardinals,NL,X,6,7,1,12,5,14,34,32,5,19,35,4,8,3
2012,Clayton Kershaw,Dodgers,NL,X,96,15,15,1,1,2,45,2,32,14,5,24,10,4
2012,Matt Cain,Giants,NL,X,22,6,3,13,4,10,38,7,16,26,20,12,7,2
2012,Mike Minor,Braves,NL,X,0,36,24,44,36,41,6,30,27,37,26,30,28,1
2011,CC Sabathia,Yankees,AL,X,63,2,7,3,9,2,41,2,24,10,6,15,6,42
2011,Jeff Francis,Royals,AL,X,0,42,41,38,39,29,12,40,5,16,40,6,28,40
2011,Rick Porcello,Tigers,AL,X,0,15,13,30,38,27,16,37,13,12,37,13,29,41
2011,Max Scherzer,Tigers,AL,X,0,12,11,29,34,32,11,15,17,40,13,22,15,39
2011,John Danks,White Sox,AL,X,0,39,32,21,30,20,23,25,12,15,19,18,18,38
2011,Brad Penny,Tigers,AL,X,0,32,28,42,42,42,1,42,26,33,42,33,42,37
2011,Felix Hernandez,Mariners,AL,X,0,13,38,6,16,6,37,4,32,14,8,21,13,36
2011,Carl Pavano,Twins,AL,X,0,37,37,27,29,30,13,38,7,32,41,5,22,35
2011,Bartolo Colon,Yankees,AL,X,0,40,23,28,25,21,21,24,6,24,16,11,10,33
2011,Derek Holland,Rangers,AL,X,0,8,3,20,24,23,20,19,33,25,17,32,27,34
2011,Justin Masterson,Indians,AL,X,0,21,20,7,12,9,34,20,30,1,24,24,25,31
2011,Trevor Cahill,Athletics,AL,X,0,25,39,32,26,31,14,22,40,13,27,40,38,32
2011,Brandon Morrow,Blue Jays,AL,X,0,27,25,22,37,16,26,7,34,21,1,38,17,30
2011,Brandon McCarthy,Athletics,AL,X,0,34,15,11,13,1,42,31,2,3,25,3,2,29
2011,Mark Buehrle,White Sox,AL,X,0,19,14,18,20,24,19,35,11,23,39,7,26,27
2011,A.J. Burnett,Yankees,AL,X,0,31,27,41,40,41,2,16,41,41,10,41,34,28
2011,Roberto Hernandez,Indians,AL,X,0,41,40,39,41,39,4,34,23,27,35,29,37,26
2011,Matt Harrison,Rangers,AL,X,0,14,12,12,15,13,30,30,20,4,28,25,32,25
2011,C.J. Wilson,Rangers,AL,X,9,5,4,8,7,8,35,6,37,7,9,31,21,23
2011,Gio Gonzalez,Athletics,AL,X,0,7,30,16,10,17,27,9,42,9,4,42,33,24
2011,Jon Lester,Red Sox,AL,X,0,11,10,24,17,22,22,11,38,17,7,39,24,22
2011,Jason Vargas,Mariners,AL,X,0,33,36,23,27,28,15,26,22,28,30,23,31,21
2011,Jeremy Guthrie,Orioles,AL,X,0,38,42,37,31,37,6,27,31,38,32,28,36,20
2011,Ivan Nova,Yankees,AL,X,0,9,1,36,21,26,17,39,21,5,34,35,39,19
2011,David Price,Rays,AL,X,0,22,33,9,18,10,33,5,27,26,5,20,8,18
2011,Wade Davis,Rays,AL,X,0,30,21,40,35,40,3,36,28,30,36,34,40,17
2011,Gavin Floyd,White Sox,AL,X,0,23,34,17,32,19,24,21,10,29,21,9,12,16
2011,Philip Humber,White Sox,AL,X,0,36,16,19,23,15,28,33,8,6,26,12,20,14
2011,Luke Hochevar,Royals,AL,X,0,29,26,31,36,35,8,28,25,31,31,26,35,15
2011,Dan Haren,Angels,AL,X,7,6,17,2,11,3,40,10,3,19,18,2,1,11
2011,Doug Fister,- - -,AL,X,0,26,35,4,4,5,38,23,4,2,29,4,5,12
2011,Ervin Santana,Angels,AL,X,0,28,31,25,14,25,18,13,35,37,22,27,23,13
2011,Colby Lewis,Rangers,AL,X,0,16,18,33,33,38,5,18,18,42,14,19,16,9
2011,Alexi Ogando,Rangers,AL,X,0,18,9,15,19,18,25,29,9,8,23,14,19,10
2011,James Shields,Rays,AL,X,66,4,29,10,3,12,32,3,29,39,12,16,9,7
2011,Michael Pineda,Mariners,AL,X,0,35,22,14,22,11,31,17,15,11,2,30,14,8
2011,Josh Tomlin,Indians,AL,X,0,24,6,34,28,34,9,41,1,35,38,1,4,6
2011,Jered Weaver,Angels,AL,X,97,3,8,5,2,7,36,8,16,18,15,10,7,5
2011,Josh Beckett,Red Sox,AL,X,3,17,5,13,5,14,29,14,14,22,11,17,11,4
2011,Ricky Romero,Blue Jays,AL,X,2,10,24,26,6,33,10,12,39,36,20,36,30,3
2011,Justin Verlander,Tigers,AL,O,196,1,2,1,1,4,39,1,19,34,3,8,3,2
2011,Jeremy Hellickson,Rays,AL,X,0,20,19,35,8,36,7,32,36,20,33,37,41,1
2011,Ricky Nolasco,Marlins,NL,X,0,31,31,16,44,18,33,29,8,31,34,6,12,50
2011,Derek Lowe,Braves,NL,X,0,37,50,38,49,23,28,32,42,8,32,40,40,49
2011,Ryan Dempster,Cubs,NL,X,0,32,45,24,47,30,21,11,47,37,10,45,35,48
2011,Madison Bumgarner,Giants,NL,X,1,13,34,8,11,4,47,13,11,5,12,8,6,47
2011,Charlie Morton,Pirates,NL,X,0,33,22,32,35,25,25,41,45,1,39,49,47,46
2011,Zack Greinke,Brewers,NL,X,0,7,4,15,34,7,44,7,9,25,1,20,4,44
2011,Jaime Garcia,Cardinals,NL,X,0,16,7,18,23,14,37,26,17,15,23,16,18,45
2011,Livan Hernandez,Nationals,NL,X,0,44,38,37,41,31,20,47,12,19,46,21,37,42
2011,Jake Westbrook,Cardinals,NL,X,0,23,13,47,43,40,11,46,43,16,45,43,48,43
2011,Chris Carpenter,Cardinals,NL,X,0,25,14,7,17,9,42,12,25,18,22,13,10,41
2011,Chris Capuano,Mets,NL,X,0,28,30,30,42,34,17,18,20,46,13,25,15,40
2011,Anibal Sanchez,Marlins,NL,X,0,41,17,12,27,16,35,6,35,28,3,35,16,38
2011,Chris Volstad,Marlins,NL,X,0,50,41,46,48,45,6,39,14,39,35,29,34,39
2011,Matt Garza,Cubs,NL,X,0,30,21,5,14,6,45,9,33,9,7,33,17,36
2011,Chad Billingsley,Dodgers,NL,X,0,26,25,25,38,29,22,27,48,7,20,47,43,37
2011,Aaron Harang,Padres,NL,X,0,11,5,41,25,36,15,36,29,29,33,38,38,34
2011,James McDonald,Pirates,NL,X,0,39,16,48,39,47,4,30,46,41,18,50,42,35
2011,Mike Pelfrey,Mets,NL,X,0,46,39,42,45,46,5,45,36,33,49,36,45,33
2011,Roy Halladay,Phillies,NL,X,133,3,3,1,2,1,50,4,3,3,11,1,1,32
2011,John Lannan,Nationals,NL,X,0,34,36,45,31,42,9,44,44,12,44,46,49,31
2011,Daniel Hudson,Diamondbacks,NL,X,0,6,29,10,19,15,36,17,15,21,29,9,11,30
2011,Bud Norris,Astros,NL,X,0,49,28,33,33,32,19,16,41,42,9,41,29,29
2011,Brett Myers,Astros,NL,X,0,45,47,34,40,41,10,22,27,49,30,23,25,28
2011,Cliff Lee,Phillies,NL,X,90,4,9,3,3,3,48,2,5,23,4,2,2,25
2011,Jordan Zimmermann,Nationals,NL,X,0,42,27,17,10,11,41,37,1,6,28,3,7,26
2011,Yovani Gallardo,Brewers,NL,X,5,5,18,23,21,20,31,5,30,45,6,24,9,27
2011,Wandy Rodriguez,Astros,NL,X,0,29,26,39,20,35,16,19,40,44,16,39,32,24
2011,Hiroki Kuroda,Dodgers,NL,X,0,17,49,19,9,28,24,21,13,43,24,14,13,23
2011,Randy Wolf,Brewers,NL,X,0,19,20,27,29,43,7,33,37,38,40,31,39,21
2011,Paul Maholm,Pirates,NL,X,0,48,48,31,26,27,23,48,18,4,41,30,41,22
2011,Mat Latos,Padres,NL,X,0,35,46,11,18,10,40,14,32,17,8,34,21,20
2011,Tim Stauffer,Padres,NL,X,0,36,32,35,32,33,18,35,21,30,37,28,31,19
2011,Tim Lincecum,Giants,NL,X,7,12,42,13,5,12,39,3,49,11,5,42,28,18
2011,Ryan Vogelsong,Giants,NL,X,1,14,6,36,4,22,30,31,31,13,27,37,36,16
2011,Jason Hammel,Rockies,NL,X,0,47,40,43,46,49,2,50,39,32,47,44,50,17
2011,Javier Vazquez,Marlins,NL,X,0,15,23,14,28,19,32,20,16,34,17,18,14,15
2011,R.A. Dickey,Mets,NL,X,0,43,37,22,13,26,26,34,23,22,38,17,30,13
2011,Bronson Arroyo,Reds,NL,X,0,40,33,50,50,50,1,42,10,50,48,11,33,14
2011,Jeff Karstens,Pirates,NL,X,0,38,15,44,15,44,8,49,2,36,42,5,22,12
2011,Tim Hudson,Braves,NL,X,0,8,19,20,12,17,34,25,26,10,31,19,24,11
2011,Joe Saunders,Diamondbacks,NL,X,0,24,35,49,30,48,3,43,38,48,50,32,46,10
2011,Ian Kennedy,Diamondbacks,NL,X,76,2,1,9,8,13,38,8,24,24,15,15,8,9
2011,Clayton Kershaw,Dodgers,NL,O,207,1,2,2,1,2,49,1,22,14,2,12,3,6
2011,Mike Leake,Reds,NL,X,0,22,12,40,36,38,13,38,4,40,36,10,19,7
2011,Kyle Lohse,Cardinals,NL,X,0,10,10,29,16,21,29,40,6,20,43,7,27,8
2011,Shaun Marcum,Brewers,NL,X,0,18,8,21,22,24,27,24,28,35,25,27,26,4
2011,Jhoulys Chacin,Rockies,NL,X,0,27,44,26,24,39,12,28,50,27,26,48,44,5
2011,Ted Lilly,Dodgers,NL,X,0,21,43,28,37,37,14,23,19,47,19,22,20,2
2011,Matt Cain,Giants,NL,X,3,20,24,6,7,5,46,15,34,2,21,26,23,3
2011,Cole Hamels,Phillies,NL,X,17,9,11,4,6,8,43,10,7,26,14,4,5,1
2010,James Shields,Rays,AL,X,0,23,41,32,40,31,13,9,10,43,8,11,4,43
2010,Francisco Liriano,Twins,AL,X,1,15,18,5,14,2,42,5,16,2,2,16,5,42
2010,Gavin Floyd,White Sox,AL,X,0,33,34,13,26,9,35,20,17,8,20,18,17,41
2010,Justin Masterson,Indians,AL,X,0,42,35,28,36,23,21,26,35,6,21,39,33,40
2010,Scott Baker,Twins,AL,X,0,27,15,29,35,25,19,22,6,30,11,12,6,39
2010,John Lackey,Red Sox,AL,X,0,17,23,21,33,21,23,19,32,17,27,27,27,37
2010,A.J. Burnett,Yankees,AL,X,0,36,42,38,41,40,4,24,37,34,22,40,36,38
2010,Kevin Millwood,Orioles,AL,X,0,43,43,40,39,41,3,27,26,42,28,28,31,36
2010,Kyle Davies,Royals,AL,X,0,38,30,37,42,37,7,29,39,25,30,41,43,35
2010,Mark Buehrle,White Sox,AL,X,0,20,32,15,31,22,22,40,8,15,43,7,32,34
2010,Rick Porcello,Tigers,AL,X,0,35,28,35,37,34,10,42,4,22,41,6,25,33
2010,Zack Greinke,Royals,AL,X,0,32,39,7,28,7,37,12,15,19,18,10,8,32
2010,Doug Fister,Mariners,AL,X,0,41,40,19,27,15,29,41,2,4,39,3,12,31
2010,Max Scherzer,Tigers,AL,X,0,26,24,14,12,17,27,11,29,27,6,32,15,30
2010,Jeremy Bonderman,Tigers,AL,X,0,39,20,42,43,42,2,39,19,36,33,31,35,29
2010,Brett Cecil,Blue Jays,AL,X,0,13,4,31,30,27,17,34,13,20,31,20,26,28
2010,Brian Matusz,Orioles,AL,X,0,34,27,26,32,28,16,25,23,23,19,33,24,27
2010,Jon Lester,Red Sox,AL,X,33,3,10,8,9,6,38,3,41,5,1,38,13,25
2010,Ricky Romero,Blue Jays,AL,X,0,16,13,16,18,14,30,13,40,10,16,37,30,26
2010,Ervin Santana,Angels,AL,X,0,9,16,33,24,33,11,16,34,40,24,24,22,24
2010,Cliff Lee,- - -,AL,X,6,24,14,1,6,1,43,10,1,12,10,1,1,22
2010,Brad Bergesen,Orioles,AL,X,0,40,31,43,38,43,1,43,11,39,42,15,42,23
2010,Justin Verlander,Tigers,AL,X,1,5,11,3,11,3,41,4,31,7,4,21,10,21
2010,Roberto Hernandez,Indians,AL,X,0,22,36,25,20,29,15,30,33,13,36,29,41,20
2010,Carl Pavano,Twins,AL,X,0,8,21,27,19,26,18,35,3,33,40,2,9,18
2010,CC Sabathia,Yankees,AL,X,102,1,2,6,7,10,34,6,36,26,15,19,14,19
2010,Shaun Marcum,Blue Jays,AL,X,0,21,8,18,15,18,26,17,5,32,13,4,3,17
2010,Jered Weaver,Angels,AL,X,24,19,26,4,5,5,39,1,12,29,3,9,2,16
2010,Colby Lewis,Rangers,AL,X,0,25,33,9,16,11,33,7,25,28,5,23,11,15
2010,John Danks,White Sox,AL,X,0,10,22,10,17,16,28,18,30,18,23,26,23,13
2010,Gio Gonzalez,Athletics,AL,X,0,12,12,22,8,19,25,14,42,9,12,43,37,14
2010,Phil Hughes,Yankees,AL,X,0,6,6,23,29,32,12,23,18,37,17,25,18,12
2010,Matt Garza,Rays,AL,X,0,14,17,34,23,35,9,21,22,41,26,17,19,9
2010,Jason Vargas,Mariners,AL,X,0,37,29,20,21,24,20,36,14,21,34,14,28,10
2010,Wade Davis,Rays,AL,X,0,29,19,41,25,39,5,37,21,31,32,34,39,11
2010,Dallas Braden,Athletics,AL,X,0,30,37,17,13,20,24,38,7,16,37,5,16,7
2010,David Price,Rays,AL,X,111,2,1,11,3,8,36,8,38,11,9,35,21,8
2010,C.J. Wilson,Rangers,AL,X,0,11,7,12,10,12,32,15,43,3,14,42,38,6
2010,Felix Hernandez,Mariners,AL,O,167,18,25,2,1,4,40,2,28,14,7,13,7,4
2010,Jeff Niemann,Rays,AL,X,0,28,9,39,34,38,6,28,20,35,25,30,29,5
2010,Clay Buchholz,Red Sox,AL,X,20,7,3,24,2,13,31,31,27,1,29,36,40,3
2010,Jeremy Guthrie,Orioles,AL,X,0,31,38,30,22,36,8,32,9,38,38,8,20,2
2010,Trevor Cahill,Athletics,AL,X,4,4,5,36,4,30,14,33,24,24,35,22,34,1
2010,Jason Hammel,Rockies,NL,X,0,35,17,19,41,22,24,29,5,22,24,9,12,45
2010,Paul Maholm,Pirates,NL,X,0,39,44,31,45,33,13,44,23,11,43,26,42,44
2010,Yovani Gallardo,Brewers,NL,X,0,13,3,16,30,5,41,9,36,6,2,41,16,42
2010,Jon Niese,Mets,NL,X,0,38,24,32,36,32,14,25,22,30,18,30,25,43
2010,Joe Blanton,Phillies,NL,X,0,41,2,36,42,38,7,35,3,40,26,6,9,41
2010,Randy Wells,Cubs,NL,X,0,43,43,27,37,26,20,26,25,23,31,24,28,39
2010,Clayton Richard,Padres,NL,X,0,14,11,29,28,23,23,23,38,14,28,36,35,40
2010,Tim Lincecum,Giants,NL,X,2,6,20,7,19,9,37,1,37,20,1,31,11,38
2010,Derek Lowe,Braves,NL,X,0,8,31,34,33,25,21,34,21,21,33,22,30,37
2010,Anibal Sanchez,Marlins,NL,X,0,19,34,11,21,13,33,22,34,5,22,32,29,36
2010,Wandy Rodriguez,Astros,NL,X,0,31,36,17,23,15,31,15,30,15,11,28,17,35
2010,Chad Billingsley,Dodgers,NL,X,0,23,28,9,22,6,40,18,32,2,13,33,20,33
2010,Chris Narveson,Brewers,NL,X,0,27,14,40,43,34,12,32,16,33,19,29,27,34
2010,Mike Pelfrey,Mets,NL,X,0,9,10,21,26,24,22,40,31,7,42,25,41,32
2010,Chris Volstad,Marlins,NL,X,0,26,13,39,39,39,8,43,18,19,39,27,40,31
2010,Josh Johnson,Marlins,NL,X,34,28,1,3,1,1,45,12,6,1,6,8,2,30
2010,Dave Bush,Brewers,NL,X,0,44,41,45,38,44,2,41,28,41,36,35,43,29
2010,Ryan Dempster,Cubs,NL,X,0,10,32,23,31,29,17,7,41,36,8,39,23,28
2010,Jaime Garcia,Cardinals,NL,X,0,20,7,28,4,14,32,36,26,3,21,37,33,27
2010,Roy Halladay,Phillies,NL,O,224,1,18,1,3,4,42,2,1,35,14,1,1,25
2010,Johnny Cueto,Reds,NL,X,0,25,4,26,25,28,18,31,14,24,30,20,22,26
2010,Cole Hamels,Phillies,NL,X,0,24,29,18,12,20,26,6,19,38,7,18,7,24
2010,Brett Myers,Astros,NL,X,2,12,6,13,15,17,29,13,29,29,23,19,15,23
2010,Rodrigo Lopez,Diamondbacks,NL,X,0,45,45,44,44,45,1,38,15,45,40,17,32,21
2010,Livan Hernandez,Nationals,NL,X,0,36,37,24,27,27,19,39,27,16,44,21,38,22
2010,Tommy Hanson,Braves,NL,X,0,34,30,14,17,12,34,17,13,10,17,15,10,20
2010,Kyle Kendrick,Phillies,NL,X,0,33,23,43,40,43,3,45,8,39,45,12,39,19
2010,Hiroki Kuroda,Dodgers,NL,X,0,29,40,8,18,10,36,21,7,13,20,5,8,18
2010,Barry Zito,Giants,NL,X,0,40,42,33,34,35,11,24,40,27,29,43,37,17
2010,Chris Carpenter,Cardinals,NL,X,0,7,9,20,16,21,25,14,24,32,27,10,14,16
2010,R.A. Dickey,Mets,NL,X,0,32,16,22,7,19,28,42,2,9,38,3,21,15
2010,Adam Wainwright,Cardinals,NL,X,122,2,26,4,2,2,44,4,12,12,10,4,3,12
2010,Clayton Kershaw,Dodgers,NL,X,0,18,22,5,9,8,38,5,39,8,4,38,18,13
2010,Randy Wolf,Brewers,NL,X,0,22,35,42,35,42,4,28,42,42,35,40,44,14
2010,Mat Latos,Padres,NL,X,4,11,21,10,10,3,43,11,9,18,5,11,5,11
2010,Johan Santana,Mets,NL,X,0,30,15,15,11,16,30,27,11,17,32,16,19,10
2010,Ubaldo Jimenez,Rockies,NL,X,90,3,5,2,8,7,39,3,44,4,9,42,26,9
2010,Jon Garland,Padres,NL,X,0,15,33,41,20,40,6,33,43,26,34,44,45,8
2010,Ian Kennedy,Diamondbacks,NL,X,0,42,25,37,29,37,9,19,33,37,15,34,24,7
2010,Roy Oswalt,- - -,NL,X,14,16,39,6,5,11,35,10,10,25,12,7,6,6
2010,Matt Cain,Giants,NL,X,1,17,27,12,14,18,27,16,20,34,25,13,13,4
2010,Jonathan Sanchez,Giants,NL,X,0,21,12,30,13,30,16,8,45,31,3,45,31,5
2010,Tim Hudson,Braves,NL,X,39,4,8,35,6,31,15,30,35,28,37,23,36,3
2010,Ted Lilly,- - -,NL,X,0,37,38,25,24,36,10,20,4,44,16,2,4,2
2010,Bronson Arroyo,Reds,NL,X,1,5,19,38,32,41,5,37,17,43,41,14,34,1
2009,Ricky Romero,Blue Jays,AL,X,0,20,17,24,25,20,10,19,29,5,14,29,25,30
2009,Carl Pavano,- - -,AL,X,0,12,26,12,30,11,20,18,2,22,20,2,4,29
2009,Justin Verlander,Tigers,AL,X,14,2,12,2,6,2,29,1,16,10,1,10,3,28
2009,Jon Lester,Red Sox,AL,X,0,10,9,6,5,5,26,3,17,9,2,19,6,27
2009,Brett Anderson,Athletics,AL,X,0,23,24,10,21,8,23,15,4,11,10,8,8,26
2009,James Shields,Rays,AL,X,0,24,27,14,23,12,19,11,10,29,16,6,9,25
2009,Roy Halladay,Blue Jays,AL,X,11,4,19,4,3,3,28,5,1,13,8,1,1,24
2009,Zack Greinke,Royals,AL,O,134,7,7,1,1,1,30,2,9,1,3,5,2,23
2009,Nick Blackburn,Twins,AL,X,0,26,25,23,18,22,9,28,3,19,30,3,15,21
2009,Jeff Niemann,Rays,AL,X,0,18,3,21,15,14,17,21,14,3,21,21,19,22
2009,John Lackey,Angels,AL,X,0,25,11,16,12,9,22,20,6,4,15,11,11,20
2009,A.J. Burnett,Yankees,AL,X,0,17,16,19,19,21,11,8,30,16,4,30,22,18
2009,Andy Pettitte,Yankees,AL,X,0,13,10,13,24,16,15,17,27,8,17,27,23,19
2009,Josh Beckett,Red Sox,AL,X,0,5,2,7,14,7,24,6,12,18,5,9,5,17
2009,Jeremy Guthrie,Orioles,AL,X,0,27,30,28,29,29,2,24,15,30,25,15,24,15
2009,Joe Saunders,Angels,AL,X,0,9,4,29,27,28,3,26,18,28,26,23,29,16
2009,Gavin Floyd,White Sox,AL,X,0,22,23,8,20,10,21,12,13,12,11,17,13,14
2009,Mark Buehrle,White Sox,AL,X,0,16,20,17,13,23,8,25,5,25,29,4,17,13
2009,Felix Hernandez,Mariners,AL,X,80,1,1,3,2,4,27,4,23,2,7,14,10,11
2009,Jered Weaver,Angels,AL,X,0,8,8,9,9,13,18,10,20,21,12,18,14,12
2009,CC Sabathia,Yankees,AL,X,13,3,5,5,4,6,25,7,21,6,9,13,12,9
2009,Rick Porcello,Tigers,AL,X,0,14,14,27,17,26,5,30,11,14,27,16,28,10
2009,Scott Baker,Twins,AL,X,0,11,13,15,26,15,16,13,7,27,13,7,7,7
2009,Edwin Jackson,Tigers,AL,X,0,15,15,11,7,18,13,14,22,24,18,20,18,8
2009,Matt Garza,Rays,AL,X,0,30,28,18,16,17,14,9,28,17,6,26,16,4
2009,Scott Feldman,Rangers,AL,X,0,6,6,20,22,19,12,23,19,7,23,22,26,5
2009,Kevin Millwood,Rangers,AL,X,0,21,21,26,8,27,4,22,24,20,22,24,27,6
2009,Trevor Cahill,Athletics,AL,X,0,28,29,30,28,30,1,29,25,23,28,28,30,3
2009,John Danks,White Sox,AL,X,0,19,22,22,10,25,6,16,26,26,19,25,20,2
2009,Jarrod Washburn,- - -,AL,X,0,29,18,25,11,24,7,27,8,15,24,12,21,1
2009,Aaron Harang,Reds,NL,X,0,45,44,31,34,31,15,27,8,39,17,11,9,45
2009,Derek Lowe,Braves,NL,X,0,10,21,34,41,29,17,36,24,12,38,25,39,44
2009,Jason Hammel,Rockies,NL,X,0,33,12,19,37,15,31,30,6,16,26,10,14,42
2009,Livan Hernandez,- - -,NL,X,0,38,36,38,45,37,9,43,31,19,39,34,42,43
2009,Paul Maholm,Pirates,NL,X,0,42,19,13,40,21,25,34,19,7,35,23,34,41
2009,Ricky Nolasco,Marlins,NL,X,0,17,15,10,43,9,37,7,10,35,6,9,3,39
2009,Cole Hamels,Phillies,NL,X,0,32,29,12,36,16,30,17,7,38,18,6,5,40
2009,Mike Pelfrey,Mets,NL,X,0,35,35,35,42,36,10,39,30,17,36,33,40,38
2009,Max Scherzer,Diamondbacks,NL,X,0,37,30,30,32,22,23,14,23,22,8,35,17,36
2009,Jorge De La Rosa,Rockies,NL,X,0,3,14,22,38,26,20,8,39,21,7,40,22,37
2009,Wandy Rodriguez,Astros,NL,X,0,13,33,9,9,11,35,9,22,28,10,22,15,34
2009,Ryan Dempster,Cubs,NL,X,0,26,18,16,18,23,24,15,27,31,19,26,19,35
2009,Carlos Zambrano,Cubs,NL,X,0,36,8,14,20,12,34,22,36,3,15,41,36,33
2009,Roy Oswalt,Astros,NL,X,0,43,4,20,31,17,29,29,5,20,25,8,10,32
2009,Adam Wainwright,Cardinals,NL,X,90,1,9,6,4,6,40,4,29,14,13,16,12,30
2009,Jon Garland,- - -,NL,X,0,29,40,37,25,39,7,38,21,33,40,18,38,31
2009,Kevin Correia,Padres,NL,X,0,22,26,26,23,19,27,28,25,15,31,24,24,29
2009,Zach Duke,Pirates,NL,X,0,28,45,25,30,33,13,40,13,34,43,7,27,28
2009,Chad Billingsley,Dodgers,NL,X,0,23,27,29,26,20,26,12,41,13,12,39,29,27
2009,Joe Blanton,Phillies,NL,X,0,24,11,33,29,38,8,18,18,43,21,21,16,24
2009,Johnny Cueto,Reds,NL,X,0,31,28,43,39,40,6,31,20,36,24,32,26,25
2009,Doug Davis,Diamondbacks,NL,X,0,40,43,44,33,44,2,24,45,40,29,43,44,26
2009,Joel Pineiro,Cardinals,NL,X,0,8,32,8,17,8,38,41,1,5,44,1,6,22
2009,Josh Johnson,Marlins,NL,X,0,6,3,3,14,4,42,10,16,8,11,14,11,23
2009,Randy Wells,Cubs,NL,X,0,21,24,24,10,24,22,42,12,9,33,15,23,21
2009,Jason Marquis,Rockies,NL,X,0,9,38,23,28,30,16,35,37,10,41,36,43,20
2009,Barry Zito,Giants,NL,X,0,34,41,32,27,34,12,20,38,27,22,38,37,19
2009,Braden Looper,Brewers,NL,X,0,16,6,45,44,45,1,44,26,45,42,27,41,18
2009,Javier Vazquez,Braves,NL,X,3,5,20,2,6,2,44,2,9,25,3,4,2,17
2009,Tim Lincecum,Giants,NL,O,100,4,5,1,2,1,45,1,32,4,1,20,7,16
2009,Johan Santana,Mets,NL,X,0,18,16,18,12,18,28,25,11,24,16,13,13,14
2009,Ubaldo Jimenez,Rockies,NL,X,0,7,31,4,16,10,36,6,40,6,14,37,21,15
2009,Jonathan Sanchez,Giants,NL,X,0,44,37,36,35,32,14,13,42,18,4,45,33,13
2009,Yovani Gallardo,Brewers,NL,X,0,19,34,28,19,28,18,5,44,26,2,42,25,12
2009,John Lannan,Nationals,NL,X,0,39,42,42,22,41,5,45,33,30,45,28,45,11
2009,Chris Carpenter,Cardinals,NL,X,94,2,1,7,1,3,43,26,4,2,27,3,8,9
2009,Clayton Kershaw,Dodgers,NL,X,0,41,13,11,5,5,41,11,43,1,5,44,31,10
2009,Jair Jurrjens,Braves,NL,X,0,14,23,17,3,14,32,21,35,11,32,31,32,8
2009,Dan Haren,Diamondbacks,NL,X,1,12,22,5,13,7,39,3,3,42,9,2,1,7
2009,J.A. Happ,Phillies,NL,X,0,25,2,40,8,35,11,33,15,23,30,30,28,6
2009,Bronson Arroyo,Reds,NL,X,0,11,39,41,21,43,3,32,28,44,37,17,35,5
2009,Ross Ohlendorf,Pirates,NL,X,0,30,25,39,24,42,4,37,14,41,34,19,30,4
2009,Matt Cain,Giants,NL,X,0,15,10,21,7,25,21,16,34,29,23,29,20,3
2009,Ted Lilly,Cubs,NL,X,0,20,17,15,11,13,33,23,2,32,20,5,4,2
2009,Randy Wolf,Dodgers,NL,X,0,27,7,27,15,27,19,19,17,37,28,12,18,1
